{"text": "\u4e0d\u662f\u56e0\u70ba\u5929\u6c23\u60c5\u6d6a\u5728\u611b\u4f60\u4e0d\u662f\u56e0\u70ba\u770b\u898b\u4fe1\u5fc3\u5728\u60f3\u4f60\u4e0d\u662f\u56e0\u70ba\u525b\u597d\u6c92\u6709\u5225\u7684\u4e8b\u5728\u4e00\u5207\u4e00\u5207\u4e00\u5207", "segments": [{"id": 0, "seek": 0, "start": 0.0, "end": 6.0, "text": "\u4e0d\u662f\u56e0\u70ba\u5929\u6c23\u60c5\u6d6a\u5728\u611b\u4f60", "tokens": [50364, 7296, 11471, 6135, 24090, 10570, 11038, 103, 3581, 15157, 2166, 50664], "temperature": 0.0, "avg_logprob": -0.5592309818711392, "compression_ratio": 1.2371134020618557, "no_speech_prob": 0.8013375401496887}, {"id": 1, "seek": 0, "start": 6.0, "end": 15.0, "text": "\u4e0d\u662f\u56e0\u70ba\u770b\u898b\u4fe1\u5fc3\u5728\u60f3\u4f60", "tokens": [50664, 7296, 11471, 4200, 10470, 17665, 7945, 3581, 7093, 2166, 51114], "temperature": 0.0, "avg_logprob": -0.5592309818711392, "compression_ratio": 1.2371134020618557, "no_speech_prob": 0.8013375401496887}, {"id": 2, "seek": 0, "start": 15.0, "end": 21.0, "text": "\u4e0d\u662f\u56e0\u70ba\u525b\u597d\u6c92\u6709\u5225\u7684\u4e8b", "tokens": [51114, 7296, 11471, 16940, 2131, 6963, 16158, 1546, 6973, 51414], "temperature": 0.0, "avg_logprob": -0.5592309818711392, "compression_ratio": 1.2371134020618557, "no_speech_prob": 0.8013375401496887}, {"id": 3, "seek": 0, "start": 21.0, "end": 28.0, "text": "\u5728\u4e00\u5207\u4e00\u5207\u4e00\u5207", "tokens": [51414, 3581, 2257, 23632, 2257, 23632, 2257, 23632, 51764], "temperature": 0.0, "avg_logprob": -0.5592309818711392, "compression_ratio": 1.2371134020618557, "no_speech_prob": 0.8013375401496887}], "language": "zh"}